{
  "name": "valdanium",
  "disable": false,
  "tier": 5,
  "color": "5F486A",
  "armorPoints": 4,
  "enchantability": 15,
  "craftingMaterial": "kubejs:valdanium_ingot",
  "rarity": 0,
  "capacity": 48000000,
  "usage": 880,
  "speedVertical": 1.03,
  "accelVertical": 0.17,
  "speedSideways": 0.21,
  "speedHoverDescend": 0.45,
  "speedHover": 0.0,
  "sprintSpeedMulti": 2.0,
  "sprintSpeedMultiVertical": 1.0,
  "sprintFuelMulti": 4.0,
  "creative": false,
  "toughness": 0.0,
  "knockbackResistance": 0.0
}
